{"2":0.1762774202,"3":0.1940741909,"4":0.2070825331,"5":0.2073405124,"6":0.208204885,"7":0.2075939354,"8":0.2093041666,"9":0.208138583,"10":0.2082925927,"11":0.2089757491,"12":0.2093687971,"13":0.2089149032,"14":0.2086458692,"15":0.2085621071,"16":0.2088763836,"17":0.2088457963,"18":0.2088949145,"19":0.2085716566,"20":0.2086206438,"21":0.2085098447,"22":0.2085855219,"23":0.2082343838,"24":0.2081497503,"25":0.2080382673,"26":0.2080335892,"27":0.2080289041,"28":0.2077028149,"29":0.2077514809,"30":0.2076392801,"31":0.2075269106,"32":0.2076561451}