{"2":0.3661646639,"3":0.3901770237,"4":0.4047220908,"5":0.4061904511,"6":0.4100121199,"7":0.41041304,"8":0.411036595,"9":0.4112808585,"10":0.4114092184,"11":0.4114107114,"12":0.4117728165,"13":0.4116685247,"14":0.4113514375,"15":0.4115869554,"16":0.4117377643,"17":0.4116756411,"18":0.411720126,"19":0.4116578512,"20":0.411723806,"21":0.4117256519,"22":0.4118025406,"23":0.4117078929,"24":0.4116452705,"25":0.4115179868,"26":0.411508855,"27":0.4114027052,"28":0.411285537,"29":0.4112977264,"30":0.4113207547,"31":0.4112139417,"32":0.4112477651}