{"2":0.5899039723,"3":0.6117245364,"4":0.6238944103,"5":0.6261093857,"6":0.6293091637,"7":0.6309648151,"8":0.6329302424,"9":0.6334196754,"10":0.6334656295,"11":0.6340414261,"12":0.6339502572,"13":0.633996921,"14":0.6334697348,"15":0.6332712667,"16":0.633402567,"17":0.6336194487,"18":0.6333671345,"19":0.6332852487,"20":0.6332138846,"21":0.6333244097,"22":0.6330706973,"23":0.6329881419,"24":0.632991352,"25":0.6327794806,"26":0.6327609409,"27":0.6325914749,"28":0.6325079571,"29":0.6324134579,"30":0.632253879,"31":0.6322238459,"32":0.6321720756}