{"2":0.2012987013,"3":0.2243939267,"4":0.2420844881,"5":0.2422012949,"6":0.2446754777,"7":0.2411715129,"8":0.2420892752,"9":0.2430092084,"10":0.2425357354}