{"2":0.6175115207,"3":0.6344266421,"4":0.645712606,"5":0.6483645842,"6":0.6477397087,"7":0.6481247366,"8":0.6507045819,"9":0.6513897102,"10":0.6522456229,"11":0.6510288763,"12":0.6510385757,"13":0.6502419149,"14":0.6512280105,"15":0.6511528971,"16":0.6517165006,"17":0.6514285714,"18":0.6511826488,"19":0.6515773275,"20":0.6516305743,"21":0.6515125546,"22":0.6513513514,"23":0.6510179538,"24":0.6511567902,"25":0.651425127,"26":0.6513061471,"27":0.6513163574,"28":0.651110535,"29":0.6509907415,"30":0.6505674435,"31":0.6507936508,"32":0.6503690838}