{"2":0.414606594,"3":0.4274259274,"4":0.4440001052,"5":0.4470656381,"6":0.4518219904,"7":0.4523137772,"8":0.4530437766,"9":0.4523224801,"10":0.4532121244,"11":0.448020522,"12":0.4486171761,"13":0.448499616,"14":0.4483553765,"15":0.4488475107,"16":0.4487298596,"17":0.4490370567,"18":0.449557381,"19":0.4493335816,"20":0.4496951625,"21":0.4494711321,"22":0.449460072,"23":0.4492888972,"24":0.4491708724,"25":0.4490793939,"26":0.4490680074,"27":0.4491101298,"28":0.4488309184,"29":0.448712107,"30":0.4486735871,"31":0.4484202615,"32":0.4481934184}