{"2":0.5325392244,"3":0.5557493303,"4":0.56747121,"5":0.5697425909,"6":0.5739579491,"7":0.5752070475,"8":0.5776838992,"9":0.5779351906,"10":0.5787161983,"11":0.5783652063,"12":0.5781301373,"13":0.5780856824,"14":0.577839188,"15":0.5776666489,"16":0.5777174202,"17":0.5779069148,"18":0.5777659177,"19":0.5776459903,"20":0.5773011713,"21":0.577287573,"22":0.5773597041,"23":0.5772817514,"24":0.5773540313,"25":0.5771253428,"26":0.5771653119,"27":0.5771191464,"28":0.5771484059,"29":0.5770481179,"30":0.5766448613,"31":0.5766628782,"32":0.5764858861}