{"2":0.2048596565,"3":0.2298464894,"4":0.2448979592,"5":0.2451442025,"6":0.2464012122,"7":0.2466076696,"8":0.2476162349,"9":0.2474866943,"10":0.2440581917,"11":0.2449402998,"12":0.2459092836,"13":0.2450980392,"14":0.2414379196,"15":0.2371734876,"16":0.2282562399,"17":0.2124520256,"18":0.1914866365,"19":0.1723946311,"20":0.1531284773,"21":0.1319307567,"22":0.1185757186,"23":0.107636801,"24":0.0961985035,"25":0.0878756566,"26":0.0813001121,"27":0.0771255934,"28":0.0731570305,"29":0.0700873929,"30":0.0667504115,"31":0.0643594414,"32":0.0630047764}