{"2":0.206954336,"3":0.2214159886,"4":0.2278491644,"5":0.2313966199,"6":0.2338580689,"7":0.2332069111,"8":0.2333136444,"9":0.231055166,"10":0.2323014463,"11":0.2324074858,"12":0.2321746503,"13":0.2315168492,"14":0.2311124331,"15":0.2321109504,"16":0.2326433257,"17":0.232793177,"18":0.2323883528,"19":0.2328374797,"20":0.232731319,"21":0.2326249036,"22":0.2324753325,"23":0.2324972081,"24":0.2327771566,"25":0.2327133385,"26":0.2329080093,"27":0.2329736729,"28":0.2327802264,"29":0.2327593666,"30":0.2326951399,"31":0.2328476017,"32":0.2326096396}