{"2":0.5519768816,"3":0.5628204117,"4":0.5799679023,"5":0.5812116585,"6":0.5844597265,"7":0.5862623599,"8":0.5884370795,"9":0.5884232486,"10":0.5871409318,"11":0.588157512,"12":0.5880111155,"13":0.5876791059,"14":0.5880887381,"15":0.5884459298,"16":0.5887771083,"17":0.5884446806,"18":0.5842571178,"19":0.5841602597,"20":0.5840898805,"21":0.5842058988,"22":0.5841354486,"23":0.5843317235,"24":0.5840743411,"25":0.5839234654,"26":0.5837188779,"27":0.5837013248,"28":0.5836837453,"29":0.5834249109,"30":0.5834339208,"31":0.5833355703,"32":0.5832370719}