{"2":0.486194667,"3":0.5010384625,"4":0.5190086558,"5":0.5171796425,"6":0.5201433352,"7":0.5226895188,"8":0.5249228171,"9":0.5264992474,"10":0.5251711107,"11":0.5263533705,"12":0.5259759164,"13":0.522287258,"14":0.5229664184,"15":0.5223203629,"16":0.5234783532,"17":0.5230707929,"18":0.5227955446,"19":0.5230785602,"20":0.522483427,"21":0.5227133456,"22":0.522570324,"23":0.5221068922,"24":0.5221768272,"25":0.5223537586,"26":0.5222635253,"27":0.5221196307,"28":0.5219487372,"29":0.5216703744,"30":0.5216061801,"31":0.5215150458,"32":0.5214775017}