{"2":0.5081692501,"3":0.5292341247,"4":0.5393046107,"5":0.5417892878,"6":0.5456267363,"7":0.5467340919,"8":0.5475909206,"9":0.5484075357,"10":0.5476190476,"11":0.5477178423,"12":0.5473929631,"13":0.546727782,"14":0.5469108524,"15":0.5457755467,"16":0.5466820002,"17":0.5467803838,"18":0.5464947485,"19":0.5464649055,"20":0.5468629633,"21":0.5473048247,"22":0.5471042471,"23":0.5475045099,"24":0.5475187065,"25":0.5475329372,"26":0.547460988,"27":0.5474320242,"28":0.5476622591,"29":0.5473306221,"30":0.5473013948,"31":0.5474022031,"32":0.5471558836}