{"2":0.6381906911,"3":0.6593896097,"4":0.6689383183,"5":0.6712849397,"6":0.6759024082,"7":0.6765838477,"8":0.6778370386,"9":0.6784479569,"10":0.6784145632,"11":0.6787201356,"12":0.6785278676,"13":0.6781122259,"14":0.678365308,"15":0.6784380486,"16":0.678212707,"17":0.6781574879,"18":0.6778779954,"19":0.6780146391,"20":0.6781194844,"21":0.6782566793,"22":0.6780832931,"23":0.6780812363,"24":0.6778965462,"25":0.6778620208,"26":0.677967379,"27":0.6779328555,"28":0.677919836,"29":0.6779283901,"30":0.6777207115,"31":0.6777182443,"32":0.6775640678}