{"2":0.3181137528,"3":0.332465757,"4":0.3469704544,"5":0.3480161133,"6":0.3467446579,"7":0.3480290046,"8":0.349130538,"9":0.3498111912,"10":0.3505721308,"11":0.349879671,"12":0.3497948922,"13":0.3507164234,"14":0.3512417504,"15":0.3516087106,"16":0.3513922438,"17":0.3515739142,"18":0.3518090225,"19":0.3517252388,"20":0.3518276936,"21":0.3518770149,"22":0.3518197574,"23":0.3518691464,"24":0.3517850944,"25":0.3519948692,"26":0.3518572995,"27":0.3518801017,"28":0.3517422396,"29":0.3517917929,"30":0.3517609506,"31":0.3515958446,"32":0.3513767629}