{"2":0.606410088,"3":0.6184767463,"4":0.6306664211,"5":0.6337642505,"6":0.6367612573,"7":0.63781147,"8":0.6396548539,"9":0.6398901476,"10":0.6404429058,"11":0.6398593076,"12":0.6395394998,"13":0.6392192176,"14":0.6387924408,"15":0.639107716,"16":0.6391845619,"17":0.638783371,"18":0.6390993434,"19":0.6388571125,"20":0.6387742605,"21":0.6390110037,"22":0.6391147847,"23":0.6389518905,"24":0.6392961094,"25":0.6393468908,"26":0.6389431177,"27":0.6390204737,"28":0.6387497656,"29":0.6387198799,"30":0.638663126,"31":0.6385525998,"32":0.638307589}