{"2":0.2287873222,"3":0.2552187845,"4":0.2657937635,"5":0.2658946149,"6":0.2696738157,"7":0.2691037611,"8":0.2689443946,"9":0.2701273986,"10":0.2702757051,"11":0.2693224559,"12":0.269152039,"13":0.2689706429,"14":0.2689270341,"15":0.2689578124,"16":0.2687649784,"17":0.2689342645,"18":0.2687943641,"19":0.2687823903,"20":0.2688559662,"21":0.2689618247,"22":0.2688963928,"23":0.2688093577,"24":0.2687651072,"25":0.2688175512,"26":0.2687732142,"27":0.2687072264,"28":0.2685979393,"29":0.2686720311,"30":0.2686489701,"31":0.2685933864,"32":0.2685485182}