{"2":0.4404273146,"3":0.4517657915,"4":0.4700596288,"5":0.4689733457,"6":0.4728933412,"7":0.4748419722,"8":0.4732512024,"9":0.4733885275,"10":0.4725957879,"11":0.4728596833,"12":0.4731242052,"13":0.4738137679,"14":0.4731877284,"15":0.473411044,"16":0.473507113,"17":0.4730063966,"18":0.4731022116,"19":0.4726425579,"20":0.472438586,"21":0.4728340046,"22":0.4730587731,"23":0.4731552272,"24":0.4734239271,"25":0.4733488332,"26":0.4733597724,"27":0.4735865343,"28":0.473640999,"29":0.473392749,"30":0.4732305293,"31":0.4733281291,"32":0.4729917499}