{"8":0.2220492387,"16":0.221723781,"2":0.1895179299,"4":0.2151595675,"32":0.2214103425}