{"2":0.2012987013,"3":0.2243939267,"4":0.2420844881,"5":0.2422012949,"6":0.2446754777,"7":0.2411715129,"8":0.2420892752,"9":0.2430092084,"10":0.2425357354,"11":0.2423575239,"12":0.2438321323,"13":0.2431033019,"14":0.2434775219,"15":0.2437250064,"16":0.2439304881,"17":0.2443070362,"18":0.2440013662,"19":0.2439941865,"20":0.244243773,"21":0.2446225041,"22":0.2442299442,"23":0.244566618,"24":0.2448180958,"25":0.2451132352,"26":0.2453228727,"27":0.2456193353,"28":0.245700458,"29":0.2455221943,"30":0.2458199775,"31":0.2459883771,"32":0.2458532349}