{"2":0.5664432342,"3":0.5888348293,"4":0.5990173847,"5":0.5988396536,"6":0.6004293291,"7":0.6011378003,"8":0.6036199477,"9":0.6040804258,"10":0.6044151231,"11":0.6040731645,"12":0.6036032217,"13":0.60410831,"14":0.6029574233,"15":0.602739726,"16":0.6033733708,"17":0.6035394456,"18":0.6037486124,"19":0.6040010259,"20":0.6041684499,"21":0.6039506384,"22":0.6045045045,"23":0.6039859119,"24":0.604154124,"25":0.6043227418,"26":0.6041900164,"27":0.604359085,"28":0.6044421398,"29":0.6042658129,"30":0.6040890583,"31":0.6042588256,"32":0.6039513678}