{"2":0.231662906,"3":0.262089615,"4":0.2748383026,"5":0.2775701427,"6":0.2831111345,"7":0.2830300153,"8":0.2836140888,"9":0.2842734049,"10":0.2848600307,"11":0.2845367378,"12":0.2848597338,"13":0.2850560068,"14":0.2855609289,"15":0.2852795659,"16":0.2853917026,"17":0.2854720904,"18":0.2853178204,"19":0.2853876155,"20":0.2854896507,"21":0.2853349039,"22":0.2853835022,"23":0.2854322048,"24":0.2857818123,"25":0.2856804861,"26":0.2858265597,"27":0.2857250633,"28":0.2856449264,"29":0.2857050278,"30":0.2856030708,"31":0.2855333658,"32":0.2855285258}