{"2":0.4603033006,"3":0.4825550244,"4":0.4978282589,"5":0.5007948623,"6":0.5030299837,"7":0.5032758348,"8":0.5058034536,"9":0.5058413068,"10":0.5062285019,"11":0.5055146475,"12":0.5054038288,"13":0.5052609227,"14":0.5054153159,"15":0.504963558,"16":0.505426852,"17":0.5053366743,"18":0.5052569782,"19":0.5052625955,"20":0.5051719527,"21":0.505295283,"22":0.5050544032,"23":0.5049095885,"24":0.5048289198,"25":0.5048771307,"26":0.5048285514,"27":0.5046182034,"28":0.5045908184,"29":0.5045417724,"30":0.5043628697,"31":0.5043351193,"32":0.5042206209}