{"2":0.3500209468,"3":0.3640214747,"4":0.3740236835,"5":0.3713528967,"6":0.3756629346,"7":0.3732827644,"8":0.375748882,"9":0.372560615,"10":0.3734669712,"11":0.3739097299,"12":0.3730818143,"13":0.3714031067,"14":0.3711651228,"15":0.3707564026,"16":0.3704744868,"17":0.3703624733,"18":0.3684997011,"19":0.368641532,"20":0.3686981084,"21":0.368797669,"22":0.3686829687,"23":0.3688686539,"24":0.3692267997,"25":0.3694135882,"26":0.3695146133,"27":0.3695727233,"28":0.3695013396,"29":0.3692999913,"30":0.3693580525,"31":0.3695029925,"32":0.3693443335}